Index,Defects,Probability,Deviation Squared,Deviation Cubed,Quartic Deviation
1,0,0.135335,3.589865,-6.801696,46.263068
2,1,0.270671,0.800477,-0.716182,0.512917
3,2,0.270671,0.011089,0.001168,0.000001
4,3,0.180447,1.221701,1.350354,1.823456
5,4,0.090224,4.432313,9.331376,87.074585
6,5,0.036089,9.642926,29.944235,896.657207
